"","RMS Delta","RMS LCL","RMS UCL","2y Delta","2y LCL","2y UCL","5y Delta","5y LCL","5y UCL"
"Cox",0.549080001468303,0.377376166447626,0.757871004970321,0.0335883198555583,0.0229274996514682,0.0469829941716291,0.0618162749887524,0.0422905876762598,0.0849770108088248
"TV Cox: log-T",0.463342622908202,0.291399727135143,0.673468959620444,0.00258080102477454,-0.0148407953573027,0.02214752086038,0.0484037908155752,0.027169931545622,0.071914202491116
"TV Cox: PWC",0.468021901963118,0.291557965731825,0.682961466563101,-0.00479798813350529,-0.023631635780146,0.0161377682544815,0.047887926261158,0.0237754319593783,0.0718832733403179
"AFT Gen Gamma",0.54300400971091,0.377693839942348,0.752111435572896,0.0336639382186611,0.0220919602374705,0.0464073019301704,0.0613447500846447,0.042736760587615,0.0847940069083809
"AFT Wbl TV shape",0.498555600000018,0.328383593910215,0.707806263075614,0.0150438409647576,-0.000175304134014514,0.0315518060454976,0.0541044655331377,0.0342952072193219,0.0775366267473562
"Weighted K-M",0.468844321472956,0.287786490632762,0.688153434331812,-0.00509416715635258,-0.0245256952487871,0.0160956245342451,0.045332310074566,0.0205116057092696,0.069032651751921
"Pseudo-obs",0.468974080927389,0.288127487014295,0.688509236465331,-0.00509416715635658,-0.0245256952487876,0.0160956245342451,0.0453090092779433,0.0204709202323729,0.0690123594315609
